system:index,cart_estimateLAI,estimateLAI,rf_estimateLAI,.geo
1103,1606.7142857142858,1593,1550.9099038289453,"{""type"":""MultiPoint"",""coordinates"":[]}"
1104,1558.1020408163265,1690,1521.945726524451,"{""type"":""MultiPoint"",""coordinates"":[]}"
1105,1227.0,1217,1378.8043464738114,"{""type"":""MultiPoint"",""coordinates"":[]}"
1106,2299.625,2482,2040.4757960501543,"{""type"":""MultiPoint"",""coordinates"":[]}"
1107,1628.5833333333333,1395,1551.6271448978778,"{""type"":""MultiPoint"",""coordinates"":[]}"
1110,1362.0,1322,1460.2419960702307,"{""type"":""MultiPoint"",""coordinates"":[]}"
1111,1558.1020408163265,1276,1521.945726524451,"{""type"":""MultiPoint"",""coordinates"":[]}"
1112,2299.625,1757,2040.4757960501543,"{""type"":""MultiPoint"",""coordinates"":[]}"
1113,1384.6666666666667,1289,1460.4398294035639,"{""type"":""MultiPoint"",""coordinates"":[]}"
1114,199.0,15,458.02240123495693,"{""type"":""MultiPoint"",""coordinates"":[]}"
1115,1628.5833333333333,1629,1551.6271448978778,"{""type"":""MultiPoint"",""coordinates"":[]}"
1116,2282.0,2447,2315.327717050512,"{""type"":""MultiPoint"",""coordinates"":[]}"
1117,1456.4558823529412,1455,1482.707154066437,"{""type"":""MultiPoint"",""coordinates"":[]}"
1118,1629.1666666666667,1447,1631.825078806377,"{""type"":""MultiPoint"",""coordinates"":[]}"
1119,1505.8387096774193,1464,1492.3749973078532,"{""type"":""MultiPoint"",""coordinates"":[]}"
1120,1628.5833333333333,1260,1551.6271448978778,"{""type"":""MultiPoint"",""coordinates"":[]}"
1121,1221.7142857142858,1231,1328.005662797542,"{""type"":""MultiPoint"",""coordinates"":[]}"
1122,1425.6363636363637,1324,1464.3837820903102,"{""type"":""MultiPoint"",""coordinates"":[]}"
1123,1447.1818181818182,1343,1464.6140746984988,"{""type"":""MultiPoint"",""coordinates"":[]}"
1124,1606.7142857142858,1677,1550.9099038289453,"{""type"":""MultiPoint"",""coordinates"":[]}"
1125,1505.9333333333334,1646,1491.0159745594449,"{""type"":""MultiPoint"",""coordinates"":[]}"
1126,1479.3972602739725,1611,1486.608558256799,"{""type"":""MultiPoint"",""coordinates"":[]}"
1127,1505.8387096774193,1427,1492.3749973078532,"{""type"":""MultiPoint"",""coordinates"":[]}"
1128,1251.6666666666667,1236,1319.3716847940468,"{""type"":""MultiPoint"",""coordinates"":[]}"
1129,968.4,1189,942.0793635578534,"{""type"":""MultiPoint"",""coordinates"":[]}"
1130,1505.8387096774193,1395,1492.3749973078532,"{""type"":""MultiPoint"",""coordinates"":[]}"
1131,1505.8387096774193,1503,1492.3749973078532,"{""type"":""MultiPoint"",""coordinates"":[]}"
1132,1425.6363636363637,1564,1464.3837820903102,"{""type"":""MultiPoint"",""coordinates"":[]}"
1133,1637.076923076923,1962,1569.0145644196452,"{""type"":""MultiPoint"",""coordinates"":[]}"
1134,1384.6666666666667,1566,1460.4398294035639,"{""type"":""MultiPoint"",""coordinates"":[]}"
1135,1815.75,1808,1669.4761453471833,"{""type"":""MultiPoint"",""coordinates"":[]}"
1136,1784.695652173913,1983,1638.5012106745087,"{""type"":""MultiPoint"",""coordinates"":[]}"
1137,1558.1020408163265,1640,1521.945726524451,"{""type"":""MultiPoint"",""coordinates"":[]}"
1138,1558.1020408163265,1691,1521.945726524451,"{""type"":""MultiPoint"",""coordinates"":[]}"
1139,1558.1020408163265,1554,1521.945726524451,"{""type"":""MultiPoint"",""coordinates"":[]}"
1140,2130.5,1983,1754.242830200539,"{""type"":""MultiPoint"",""coordinates"":[]}"
1143,1405.0144927536232,1637,1463.9801642286516,"{""type"":""MultiPoint"",""coordinates"":[]}"
1144,1505.9333333333334,1315,1491.0159745594449,"{""type"":""MultiPoint"",""coordinates"":[]}"
1145,1425.6363636363637,1441,1464.3837820903102,"{""type"":""MultiPoint"",""coordinates"":[]}"
1146,1456.4558823529412,1691,1482.707154066437,"{""type"":""MultiPoint"",""coordinates"":[]}"
1147,1558.1020408163265,1409,1521.945726524451,"{""type"":""MultiPoint"",""coordinates"":[]}"
1148,1362.0,1384,1460.2419960702307,"{""type"":""MultiPoint"",""coordinates"":[]}"
1149,1405.0144927536232,1482,1463.9801642286516,"{""type"":""MultiPoint"",""coordinates"":[]}"
1150,1251.6666666666667,1049,1319.3716847940468,"{""type"":""MultiPoint"",""coordinates"":[]}"
1151,1505.9333333333334,1584,1491.0159745594449,"{""type"":""MultiPoint"",""coordinates"":[]}"
1152,1606.7142857142858,1424,1550.9099038289453,"{""type"":""MultiPoint"",""coordinates"":[]}"
1154,1425.6363636363637,1427,1464.3837820903102,"{""type"":""MultiPoint"",""coordinates"":[]}"
1155,1479.3972602739725,1538,1486.608558256799,"{""type"":""MultiPoint"",""coordinates"":[]}"
1156,1505.9333333333334,1733,1491.0159745594449,"{""type"":""MultiPoint"",""coordinates"":[]}"
1157,963.25,1106,923.3796869996446,"{""type"":""MultiPoint"",""coordinates"":[]}"
1158,1505.8387096774193,1388,1492.3749973078532,"{""type"":""MultiPoint"",""coordinates"":[]}"
1159,1784.695652173913,1707,1638.5012106745087,"{""type"":""MultiPoint"",""coordinates"":[]}"
1161,1096.5,782,896.1438358779992,"{""type"":""MultiPoint"",""coordinates"":[]}"
1162,1784.695652173913,1742,1638.5012106745087,"{""type"":""MultiPoint"",""coordinates"":[]}"
1163,1456.4558823529412,1189,1482.707154066437,"{""type"":""MultiPoint"",""coordinates"":[]}"
1164,1505.8387096774193,1498,1492.3749973078532,"{""type"":""MultiPoint"",""coordinates"":[]}"
1165,1425.6363636363637,1393,1464.3837820903102,"{""type"":""MultiPoint"",""coordinates"":[]}"
1166,1021.0,1074,959.0638172798717,"{""type"":""MultiPoint"",""coordinates"":[]}"
1167,1362.0,1129,1460.2419960702307,"{""type"":""MultiPoint"",""coordinates"":[]}"
1168,1405.0144927536232,1375,1463.9801642286516,"{""type"":""MultiPoint"",""coordinates"":[]}"
1170,1558.1020408163265,1777,1521.945726524451,"{""type"":""MultiPoint"",""coordinates"":[]}"
1171,1558.1020408163265,1512,1521.945726524451,"{""type"":""MultiPoint"",""coordinates"":[]}"
1172,1425.6363636363637,1221,1464.3837820903102,"{""type"":""MultiPoint"",""coordinates"":[]}"
1173,1628.5833333333333,1846,1551.6271448978778,"{""type"":""MultiPoint"",""coordinates"":[]}"
1174,1479.3972602739725,1502,1486.608558256799,"{""type"":""MultiPoint"",""coordinates"":[]}"
1175,1479.3972602739725,1554,1486.608558256799,"{""type"":""MultiPoint"",""coordinates"":[]}"
1176,983.6,1021,940.1488159388058,"{""type"":""MultiPoint"",""coordinates"":[]}"
1177,1558.1020408163265,1499,1521.945726524451,"{""type"":""MultiPoint"",""coordinates"":[]}"
1178,1405.0144927536232,1375,1463.9801642286516,"{""type"":""MultiPoint"",""coordinates"":[]}"
1179,1425.6363636363637,1131,1464.3837820903102,"{""type"":""MultiPoint"",""coordinates"":[]}"
1180,996.0,1036,940.0176765378842,"{""type"":""MultiPoint"",""coordinates"":[]}"
1181,1505.9333333333334,1446,1491.0159745594449,"{""type"":""MultiPoint"",""coordinates"":[]}"
1182,1479.3972602739725,1371,1486.608558256799,"{""type"":""MultiPoint"",""coordinates"":[]}"
1184,1815.75,1880,1676.4039453860335,"{""type"":""MultiPoint"",""coordinates"":[]}"
1185,2299.625,1678,2040.4757960501543,"{""type"":""MultiPoint"",""coordinates"":[]}"
1186,1784.695652173913,1673,1638.5012106745087,"{""type"":""MultiPoint"",""coordinates"":[]}"
1187,1456.4558823529412,1577,1482.707154066437,"{""type"":""MultiPoint"",""coordinates"":[]}"
1188,1425.6363636363637,1450,1464.3837820903102,"{""type"":""MultiPoint"",""coordinates"":[]}"
1189,1629.1666666666667,1726,1631.825078806377,"{""type"":""MultiPoint"",""coordinates"":[]}"
1190,1456.4558823529412,1546,1482.707154066437,"{""type"":""MultiPoint"",""coordinates"":[]}"
1191,1606.7142857142858,1569,1550.9099038289453,"{""type"":""MultiPoint"",""coordinates"":[]}"
1192,1240.4,1179,1349.1208692727698,"{""type"":""MultiPoint"",""coordinates"":[]}"
1193,1405.0144927536232,1390,1463.9801642286516,"{""type"":""MultiPoint"",""coordinates"":[]}"
1194,1447.1818181818182,1468,1464.6140746984988,"{""type"":""MultiPoint"",""coordinates"":[]}"
1195,1637.076923076923,1725,1569.0145644196452,"{""type"":""MultiPoint"",""coordinates"":[]}"
1196,1405.0144927536232,1238,1463.9801642286516,"{""type"":""MultiPoint"",""coordinates"":[]}"
1197,1637.076923076923,1868,1569.0145644196452,"{""type"":""MultiPoint"",""coordinates"":[]}"
1198,1425.6363636363637,1299,1464.3837820903102,"{""type"":""MultiPoint"",""coordinates"":[]}"
1199,1606.7142857142858,1401,1550.9099038289453,"{""type"":""MultiPoint"",""coordinates"":[]}"
1200,1479.3972602739725,1352,1486.608558256799,"{""type"":""MultiPoint"",""coordinates"":[]}"
1203,1687.344827586207,1669,1615.1425223143983,"{""type"":""MultiPoint"",""coordinates"":[]}"
1204,1505.9333333333334,1588,1491.0159745594449,"{""type"":""MultiPoint"",""coordinates"":[]}"
1205,1628.5833333333333,1684,1551.6271448978778,"{""type"":""MultiPoint"",""coordinates"":[]}"
1207,1479.3972602739725,1577,1486.608558256799,"{""type"":""MultiPoint"",""coordinates"":[]}"
1208,1425.6363636363637,1452,1464.3837820903102,"{""type"":""MultiPoint"",""coordinates"":[]}"
1209,1479.3972602739725,1220,1486.608558256799,"{""type"":""MultiPoint"",""coordinates"":[]}"
1210,1267.5,1262,1307.072790130152,"{""type"":""MultiPoint"",""coordinates"":[]}"
1211,1425.6363636363637,1877,1464.3837820903102,"{""type"":""MultiPoint"",""coordinates"":[]}"
1212,1505.8387096774193,1905,1492.3749973078532,"{""type"":""MultiPoint"",""coordinates"":[]}"
1213,401.5,555,528.9449709538854,"{""type"":""MultiPoint"",""coordinates"":[]}"
1214,1479.3972602739725,1598,1486.608558256799,"{""type"":""MultiPoint"",""coordinates"":[]}"
1215,1405.0144927536232,1463,1463.9801642286516,"{""type"":""MultiPoint"",""coordinates"":[]}"
1216,1479.3972602739725,1520,1486.608558256799,"{""type"":""MultiPoint"",""coordinates"":[]}"
1217,1405.0144927536232,1381,1463.9801642286516,"{""type"":""MultiPoint"",""coordinates"":[]}"
1218,1021.0,1090,959.0638172798717,"{""type"":""MultiPoint"",""coordinates"":[]}"
1219,1628.5833333333333,1536,1551.6271448978778,"{""type"":""MultiPoint"",""coordinates"":[]}"
1220,1278.4,1188,1336.9709298348525,"{""type"":""MultiPoint"",""coordinates"":[]}"
1221,1240.4,1127,1349.1208692727698,"{""type"":""MultiPoint"",""coordinates"":[]}"
1222,2288.3333333333335,2390,2058.851060985219,"{""type"":""MultiPoint"",""coordinates"":[]}"
1223,963.25,950,923.3796869996446,"{""type"":""MultiPoint"",""coordinates"":[]}"
1225,1144.8333333333333,1091,1307.1711234634852,"{""type"":""MultiPoint"",""coordinates"":[]}"
1226,1784.695652173913,1830,1638.5012106745087,"{""type"":""MultiPoint"",""coordinates"":[]}"
1227,1558.1020408163265,1546,1521.945726524451,"{""type"":""MultiPoint"",""coordinates"":[]}"
1228,2008.0,1880,1976.7493938747436,"{""type"":""MultiPoint"",""coordinates"":[]}"
1229,1425.6363636363637,1184,1464.3837820903102,"{""type"":""MultiPoint"",""coordinates"":[]}"
1230,1456.4558823529412,1224,1482.707154066437,"{""type"":""MultiPoint"",""coordinates"":[]}"
1231,1558.1020408163265,1416,1521.945726524451,"{""type"":""MultiPoint"",""coordinates"":[]}"
1232,1479.3972602739725,1071,1486.608558256799,"{""type"":""MultiPoint"",""coordinates"":[]}"
1233,1405.0144927536232,1421,1463.9801642286516,"{""type"":""MultiPoint"",""coordinates"":[]}"
1235,1405.0144927536232,1572,1463.9801642286516,"{""type"":""MultiPoint"",""coordinates"":[]}"
1236,1479.3972602739725,1784,1486.608558256799,"{""type"":""MultiPoint"",""coordinates"":[]}"
1237,1628.5833333333333,1583,1551.6271448978778,"{""type"":""MultiPoint"",""coordinates"":[]}"
1238,1505.9333333333334,1463,1491.0159745594449,"{""type"":""MultiPoint"",""coordinates"":[]}"
1239,1405.0144927536232,1435,1463.9801642286516,"{""type"":""MultiPoint"",""coordinates"":[]}"
1240,1628.5833333333333,1727,1551.6271448978778,"{""type"":""MultiPoint"",""coordinates"":[]}"
1241,1405.0144927536232,1360,1463.9801642286516,"{""type"":""MultiPoint"",""coordinates"":[]}"
1243,2288.3333333333335,1777,2058.851060985219,"{""type"":""MultiPoint"",""coordinates"":[]}"
1244,1456.4558823529412,1342,1482.707154066437,"{""type"":""MultiPoint"",""coordinates"":[]}"
1245,1505.8387096774193,1420,1492.3749973078532,"{""type"":""MultiPoint"",""coordinates"":[]}"
1246,1628.5833333333333,1754,1551.6271448978778,"{""type"":""MultiPoint"",""coordinates"":[]}"
1247,1267.5,667,1307.072790130152,"{""type"":""MultiPoint"",""coordinates"":[]}"
1248,1687.344827586207,1733,1615.1425223143983,"{""type"":""MultiPoint"",""coordinates"":[]}"
1249,199.0,98,458.02240123495693,"{""type"":""MultiPoint"",""coordinates"":[]}"
1250,1456.4558823529412,1329,1482.707154066437,"{""type"":""MultiPoint"",""coordinates"":[]}"
1251,1456.4558823529412,1440,1482.707154066437,"{""type"":""MultiPoint"",""coordinates"":[]}"
1252,1687.344827586207,1695,1615.1425223143983,"{""type"":""MultiPoint"",""coordinates"":[]}"
1253,1687.344827586207,1816,1615.1425223143983,"{""type"":""MultiPoint"",""coordinates"":[]}"
1254,1380.3333333333333,1099,1355.717650741269,"{""type"":""MultiPoint"",""coordinates"":[]}"
1255,1405.0144927536232,1272,1463.9801642286516,"{""type"":""MultiPoint"",""coordinates"":[]}"
1256,1456.4558823529412,1314,1482.707154066437,"{""type"":""MultiPoint"",""coordinates"":[]}"
1257,1425.6363636363637,1299,1464.3837820903102,"{""type"":""MultiPoint"",""coordinates"":[]}"
1259,1479.3972602739725,1433,1486.608558256799,"{""type"":""MultiPoint"",""coordinates"":[]}"
1260,1240.4,1270,1349.1208692727698,"{""type"":""MultiPoint"",""coordinates"":[]}"
1261,1479.3972602739725,1511,1486.608558256799,"{""type"":""MultiPoint"",""coordinates"":[]}"
1263,1637.076923076923,1632,1569.0145644196452,"{""type"":""MultiPoint"",""coordinates"":[]}"
1264,1227.0,1149,1378.8043464738114,"{""type"":""MultiPoint"",""coordinates"":[]}"
1267,1456.4558823529412,1725,1482.707154066437,"{""type"":""MultiPoint"",""coordinates"":[]}"
1268,1278.4,1204,1336.9709298348525,"{""type"":""MultiPoint"",""coordinates"":[]}"
1269,1405.0144927536232,1463,1463.9801642286516,"{""type"":""MultiPoint"",""coordinates"":[]}"
1270,1606.7142857142858,1499,1550.9099038289453,"{""type"":""MultiPoint"",""coordinates"":[]}"
1271,1221.7142857142858,1581,1328.005662797542,"{""type"":""MultiPoint"",""coordinates"":[]}"
1272,1505.9333333333334,1536,1491.0159745594449,"{""type"":""MultiPoint"",""coordinates"":[]}"
1273,1221.7142857142858,1324,1328.005662797542,"{""type"":""MultiPoint"",""coordinates"":[]}"
1274,1405.0144927536232,1387,1463.9801642286516,"{""type"":""MultiPoint"",""coordinates"":[]}"
1275,801.5,845,917.4721869996446,"{""type"":""MultiPoint"",""coordinates"":[]}"
1277,1456.4558823529412,1636,1482.707154066437,"{""type"":""MultiPoint"",""coordinates"":[]}"
1279,1479.3972602739725,1830,1486.608558256799,"{""type"":""MultiPoint"",""coordinates"":[]}"
1280,1558.1020408163265,1569,1521.945726524451,"{""type"":""MultiPoint"",""coordinates"":[]}"
1281,1240.4,1176,1349.1208692727698,"{""type"":""MultiPoint"",""coordinates"":[]}"
1282,1505.8387096774193,1537,1492.3749973078532,"{""type"":""MultiPoint"",""coordinates"":[]}"
1283,1456.4558823529412,1423,1482.707154066437,"{""type"":""MultiPoint"",""coordinates"":[]}"
1284,803.0,1101,892.1904535250582,"{""type"":""MultiPoint"",""coordinates"":[]}"
1285,1629.1666666666667,1841,1631.825078806377,"{""type"":""MultiPoint"",""coordinates"":[]}"
1286,2433.2,2442,2111.144110432069,"{""type"":""MultiPoint"",""coordinates"":[]}"
1287,1479.3972602739725,1223,1486.608558256799,"{""type"":""MultiPoint"",""coordinates"":[]}"
1288,2027.3333333333333,2055,1694.0026973736249,"{""type"":""MultiPoint"",""coordinates"":[]}"
1289,968.4,1046,941.1107921292819,"{""type"":""MultiPoint"",""coordinates"":[]}"
1290,1505.9333333333334,1636,1491.0159745594449,"{""type"":""MultiPoint"",""coordinates"":[]}"
1291,1384.6666666666667,1665,1460.4398294035639,"{""type"":""MultiPoint"",""coordinates"":[]}"
1293,1221.7142857142858,1278,1328.005662797542,"{""type"":""MultiPoint"",""coordinates"":[]}"
1294,1096.5,714,896.1438358779992,"{""type"":""MultiPoint"",""coordinates"":[]}"
1295,1505.9333333333334,1312,1491.0159745594449,"{""type"":""MultiPoint"",""coordinates"":[]}"
1296,1405.0144927536232,1463,1463.9801642286516,"{""type"":""MultiPoint"",""coordinates"":[]}"
1297,1784.695652173913,1317,1494.4962622210755,"{""type"":""MultiPoint"",""coordinates"":[]}"
1298,1456.4558823529412,1629,1482.707154066437,"{""type"":""MultiPoint"",""coordinates"":[]}"
1299,1505.8387096774193,1695,1492.3749973078532,"{""type"":""MultiPoint"",""coordinates"":[]}"
1300,1606.7142857142858,1753,1550.9099038289453,"{""type"":""MultiPoint"",""coordinates"":[]}"
1301,1456.4558823529412,1375,1482.707154066437,"{""type"":""MultiPoint"",""coordinates"":[]}"
1302,1505.9333333333334,1657,1491.0159745594449,"{""type"":""MultiPoint"",""coordinates"":[]}"
1303,1456.4558823529412,1175,1482.707154066437,"{""type"":""MultiPoint"",""coordinates"":[]}"
1304,1278.4,1270,1336.9709298348525,"{""type"":""MultiPoint"",""coordinates"":[]}"
1305,1637.076923076923,1712,1569.0145644196452,"{""type"":""MultiPoint"",""coordinates"":[]}"
1306,1628.5833333333333,1627,1551.6271448978778,"{""type"":""MultiPoint"",""coordinates"":[]}"
1307,1456.4558823529412,1456,1482.707154066437,"{""type"":""MultiPoint"",""coordinates"":[]}"
1308,1505.9333333333334,1640,1491.0159745594449,"{""type"":""MultiPoint"",""coordinates"":[]}"
1309,1405.0144927536232,1061,1463.9801642286516,"{""type"":""MultiPoint"",""coordinates"":[]}"
1310,2433.2,2361,2308.8730503838456,"{""type"":""MultiPoint"",""coordinates"":[]}"
1311,796.5,765,739.2259569650934,"{""type"":""MultiPoint"",""coordinates"":[]}"
1312,1384.6666666666667,1273,1460.4398294035639,"{""type"":""MultiPoint"",""coordinates"":[]}"
1313,1456.4558823529412,1401,1482.707154066437,"{""type"":""MultiPoint"",""coordinates"":[]}"
1314,1221.7142857142858,1112,1328.005662797542,"{""type"":""MultiPoint"",""coordinates"":[]}"
1315,1425.6363636363637,1728,1464.3837820903102,"{""type"":""MultiPoint"",""coordinates"":[]}"
1316,1221.7142857142858,1228,1328.005662797542,"{""type"":""MultiPoint"",""coordinates"":[]}"
1317,1479.3972602739725,1593,1486.608558256799,"{""type"":""MultiPoint"",""coordinates"":[]}"
1318,1558.1020408163265,1487,1521.945726524451,"{""type"":""MultiPoint"",""coordinates"":[]}"
1319,1784.695652173913,1671,1638.5012106745087,"{""type"":""MultiPoint"",""coordinates"":[]}"
1320,1606.7142857142858,1967,1550.9099038289453,"{""type"":""MultiPoint"",""coordinates"":[]}"
1321,968.4,1116,942.0793635578534,"{""type"":""MultiPoint"",""coordinates"":[]}"
1322,1405.0144927536232,1436,1463.9801642286516,"{""type"":""MultiPoint"",""coordinates"":[]}"
1324,1505.8387096774193,1387,1492.3749973078532,"{""type"":""MultiPoint"",""coordinates"":[]}"
1325,1505.8387096774193,1399,1492.3749973078532,"{""type"":""MultiPoint"",""coordinates"":[]}"
1326,1456.4558823529412,1365,1482.707154066437,"{""type"":""MultiPoint"",""coordinates"":[]}"
1327,1405.0144927536232,1434,1463.9801642286516,"{""type"":""MultiPoint"",""coordinates"":[]}"
1328,-75.5,42,430.5990116815278,"{""type"":""MultiPoint"",""coordinates"":[]}"
1329,1687.344827586207,1836,1615.1425223143983,"{""type"":""MultiPoint"",""coordinates"":[]}"
1330,222.66666666666666,94,488.76161660292235,"{""type"":""MultiPoint"",""coordinates"":[]}"
1331,1425.6363636363637,1110,1464.3837820903102,"{""type"":""MultiPoint"",""coordinates"":[]}"
1332,1479.3972602739725,1513,1486.608558256799,"{""type"":""MultiPoint"",""coordinates"":[]}"
1333,1628.5833333333333,1565,1551.6271448978778,"{""type"":""MultiPoint"",""coordinates"":[]}"
1334,996.0,1176,940.0176765378842,"{""type"":""MultiPoint"",""coordinates"":[]}"
1335,1558.1020408163265,1382,1521.945726524451,"{""type"":""MultiPoint"",""coordinates"":[]}"
1336,1637.076923076923,2124,1569.0145644196452,"{""type"":""MultiPoint"",""coordinates"":[]}"
1337,1425.6363636363637,1477,1464.3837820903102,"{""type"":""MultiPoint"",""coordinates"":[]}"
1338,1252.8,1319,1337.273480891639,"{""type"":""MultiPoint"",""coordinates"":[]}"
1339,1479.3972602739725,1390,1486.608558256799,"{""type"":""MultiPoint"",""coordinates"":[]}"
1340,1479.3972602739725,1627,1486.608558256799,"{""type"":""MultiPoint"",""coordinates"":[]}"
1341,1505.8387096774193,1818,1492.3749973078532,"{""type"":""MultiPoint"",""coordinates"":[]}"
1342,1505.9333333333334,1417,1491.0159745594449,"{""type"":""MultiPoint"",""coordinates"":[]}"
1343,1687.344827586207,1669,1615.1425223143983,"{""type"":""MultiPoint"",""coordinates"":[]}"
1344,1425.6363636363637,1486,1464.3837820903102,"{""type"":""MultiPoint"",""coordinates"":[]}"
1345,1815.75,1645,1669.4761453471833,"{""type"":""MultiPoint"",""coordinates"":[]}"
1346,1362.0,1416,1460.2419960702307,"{""type"":""MultiPoint"",""coordinates"":[]}"
1347,1362.0,1529,1460.2419960702307,"{""type"":""MultiPoint"",""coordinates"":[]}"
1348,1628.5833333333333,2452,1551.6271448978778,"{""type"":""MultiPoint"",""coordinates"":[]}"
1349,1815.75,1478,1669.4761453471833,"{""type"":""MultiPoint"",""coordinates"":[]}"
1351,1985.0,2079,1948.8744297458109,"{""type"":""MultiPoint"",""coordinates"":[]}"
1353,1479.3972602739725,1392,1486.608558256799,"{""type"":""MultiPoint"",""coordinates"":[]}"
1354,1505.8387096774193,1475,1492.3749973078532,"{""type"":""MultiPoint"",""coordinates"":[]}"
1355,983.6,1133,940.1488159388058,"{""type"":""MultiPoint"",""coordinates"":[]}"
1356,1505.9333333333334,1604,1491.0159745594449,"{""type"":""MultiPoint"",""coordinates"":[]}"
1357,1505.9333333333334,1549,1491.0159745594449,"{""type"":""MultiPoint"",""coordinates"":[]}"
1358,1405.0144927536232,1508,1463.9801642286516,"{""type"":""MultiPoint"",""coordinates"":[]}"
1360,2086.3333333333335,1787,1864.2433007916877,"{""type"":""MultiPoint"",""coordinates"":[]}"
1361,1479.3972602739725,1605,1486.608558256799,"{""type"":""MultiPoint"",""coordinates"":[]}"
1362,1384.6666666666667,1266,1460.4398294035639,"{""type"":""MultiPoint"",""coordinates"":[]}"
1363,1505.8387096774193,1430,1492.3749973078532,"{""type"":""MultiPoint"",""coordinates"":[]}"
1364,1505.9333333333334,1479,1491.0159745594449,"{""type"":""MultiPoint"",""coordinates"":[]}"
1366,1425.6363636363637,1340,1464.3837820903102,"{""type"":""MultiPoint"",""coordinates"":[]}"
1367,1425.6363636363637,1420,1464.3837820903102,"{""type"":""MultiPoint"",""coordinates"":[]}"
1368,2150.8,1979,2041.3889800328384,"{""type"":""MultiPoint"",""coordinates"":[]}"
1369,1687.344827586207,1525,1615.1425223143983,"{""type"":""MultiPoint"",""coordinates"":[]}"
1370,1189.875,1174,1352.514066908435,"{""type"":""MultiPoint"",""coordinates"":[]}"
1371,2288.3333333333335,2480,2058.851060985219,"{""type"":""MultiPoint"",""coordinates"":[]}"
1372,2008.0,2149,1976.7493938747436,"{""type"":""MultiPoint"",""coordinates"":[]}"
1373,1629.1666666666667,1795,1631.825078806377,"{""type"":""MultiPoint"",""coordinates"":[]}"
1375,1251.6666666666667,1255,1319.3716847940468,"{""type"":""MultiPoint"",""coordinates"":[]}"
1376,1505.9333333333334,1659,1491.0159745594449,"{""type"":""MultiPoint"",""coordinates"":[]}"
1378,1456.4558823529412,1372,1482.707154066437,"{""type"":""MultiPoint"",""coordinates"":[]}"
1380,803.0,893,892.1904535250582,"{""type"":""MultiPoint"",""coordinates"":[]}"
1381,1479.3972602739725,1371,1486.608558256799,"{""type"":""MultiPoint"",""coordinates"":[]}"
1382,1278.4,996,1336.9709298348525,"{""type"":""MultiPoint"",""coordinates"":[]}"
1383,1221.7142857142858,1225,1328.005662797542,"{""type"":""MultiPoint"",""coordinates"":[]}"
1384,1687.344827586207,1849,1615.1425223143983,"{""type"":""MultiPoint"",""coordinates"":[]}"
1385,1815.75,1428,1669.4761453471833,"{""type"":""MultiPoint"",""coordinates"":[]}"
1386,1479.3972602739725,1501,1486.608558256799,"{""type"":""MultiPoint"",""coordinates"":[]}"
1387,1221.7142857142858,932,1328.005662797542,"{""type"":""MultiPoint"",""coordinates"":[]}"
1388,1096.5,1014,896.1438358779992,"{""type"":""MultiPoint"",""coordinates"":[]}"
1390,1558.1020408163265,1478,1521.945726524451,"{""type"":""MultiPoint"",""coordinates"":[]}"
1391,1687.344827586207,1422,1615.1425223143983,"{""type"":""MultiPoint"",""coordinates"":[]}"
1392,1505.9333333333334,1375,1491.0159745594449,"{""type"":""MultiPoint"",""coordinates"":[]}"
1393,1558.1020408163265,1363,1521.945726524451,"{""type"":""MultiPoint"",""coordinates"":[]}"
1394,1558.1020408163265,1506,1521.945726524451,"{""type"":""MultiPoint"",""coordinates"":[]}"
1395,1687.344827586207,1825,1615.1425223143983,"{""type"":""MultiPoint"",""coordinates"":[]}"
1396,1456.4558823529412,1429,1482.707154066437,"{""type"":""MultiPoint"",""coordinates"":[]}"
1397,1425.6363636363637,1548,1464.3837820903102,"{""type"":""MultiPoint"",""coordinates"":[]}"
1398,1479.3972602739725,1535,1486.608558256799,"{""type"":""MultiPoint"",""coordinates"":[]}"
1399,1405.0144927536232,1752,1463.9801642286516,"{""type"":""MultiPoint"",""coordinates"":[]}"
1400,1456.4558823529412,1365,1482.707154066437,"{""type"":""MultiPoint"",""coordinates"":[]}"
1401,1362.0,1324,1460.2419960702307,"{""type"":""MultiPoint"",""coordinates"":[]}"
1402,1784.695652173913,1443,1638.5012106745087,"{""type"":""MultiPoint"",""coordinates"":[]}"
1403,1505.8387096774193,1357,1492.3749973078532,"{""type"":""MultiPoint"",""coordinates"":[]}"
1404,1362.0,1378,1460.2419960702307,"{""type"":""MultiPoint"",""coordinates"":[]}"
1405,1558.1020408163265,1638,1521.945726524451,"{""type"":""MultiPoint"",""coordinates"":[]}"
1406,1232.5,1179,1354.6301263924415,"{""type"":""MultiPoint"",""coordinates"":[]}"
1407,1456.4558823529412,1437,1482.707154066437,"{""type"":""MultiPoint"",""coordinates"":[]}"
1408,1628.5833333333333,1675,1551.6271448978778,"{""type"":""MultiPoint"",""coordinates"":[]}"
1409,1687.344827586207,2013,1615.1425223143983,"{""type"":""MultiPoint"",""coordinates"":[]}"
1411,564.0,875,576.9720025502561,"{""type"":""MultiPoint"",""coordinates"":[]}"
1412,1479.3972602739725,1577,1486.608558256799,"{""type"":""MultiPoint"",""coordinates"":[]}"
1413,1558.1020408163265,1558,1521.945726524451,"{""type"":""MultiPoint"",""coordinates"":[]}"
1414,1558.1020408163265,1597,1521.945726524451,"{""type"":""MultiPoint"",""coordinates"":[]}"
1415,1088.0833333333333,1170,1313.4220715461834,"{""type"":""MultiPoint"",""coordinates"":[]}"
1416,1628.5833333333333,1193,1551.6271448978778,"{""type"":""MultiPoint"",""coordinates"":[]}"
1417,1505.8387096774193,1594,1492.3749973078532,"{""type"":""MultiPoint"",""coordinates"":[]}"
1418,1784.695652173913,1874,1638.5012106745087,"{""type"":""MultiPoint"",""coordinates"":[]}"
1419,1479.3972602739725,1435,1486.608558256799,"{""type"":""MultiPoint"",""coordinates"":[]}"
1420,1629.1666666666667,2172,1631.825078806377,"{""type"":""MultiPoint"",""coordinates"":[]}"
1421,1384.6666666666667,1392,1460.4398294035639,"{""type"":""MultiPoint"",""coordinates"":[]}"
1422,1479.3972602739725,1530,1486.608558256799,"{""type"":""MultiPoint"",""coordinates"":[]}"
1423,1088.0833333333333,1004,1313.4220715461834,"{""type"":""MultiPoint"",""coordinates"":[]}"
1424,1558.1020408163265,1506,1521.945726524451,"{""type"":""MultiPoint"",""coordinates"":[]}"
1425,1456.4558823529412,1575,1482.707154066437,"{""type"":""MultiPoint"",""coordinates"":[]}"
1426,1456.4558823529412,1158,1482.707154066437,"{""type"":""MultiPoint"",""coordinates"":[]}"
1428,1505.8387096774193,1447,1492.3749973078532,"{""type"":""MultiPoint"",""coordinates"":[]}"
1429,1088.0833333333333,1271,1313.4220715461834,"{""type"":""MultiPoint"",""coordinates"":[]}"
1431,-21.25,-121,428.26651168152785,"{""type"":""MultiPoint"",""coordinates"":[]}"
1432,1784.695652173913,1753,1638.5012106745087,"{""type"":""MultiPoint"",""coordinates"":[]}"
1433,222.66666666666666,402,481.12178326958906,"{""type"":""MultiPoint"",""coordinates"":[]}"
1434,401.5,337,528.9449709538854,"{""type"":""MultiPoint"",""coordinates"":[]}"
1435,1405.0144927536232,1439,1463.9801642286516,"{""type"":""MultiPoint"",""coordinates"":[]}"
1436,1251.6666666666667,781,1319.3716847940468,"{""type"":""MultiPoint"",""coordinates"":[]}"
1437,1479.3972602739725,1427,1486.608558256799,"{""type"":""MultiPoint"",""coordinates"":[]}"
1438,1425.6363636363637,1503,1464.3837820903102,"{""type"":""MultiPoint"",""coordinates"":[]}"
1439,1505.9333333333334,1585,1491.0159745594449,"{""type"":""MultiPoint"",""coordinates"":[]}"
1440,1558.1020408163265,1284,1521.945726524451,"{""type"":""MultiPoint"",""coordinates"":[]}"
1441,1628.5833333333333,1714,1551.6271448978778,"{""type"":""MultiPoint"",""coordinates"":[]}"
1442,1479.3972602739725,1572,1486.608558256799,"{""type"":""MultiPoint"",""coordinates"":[]}"
1443,1479.3972602739725,1587,1486.608558256799,"{""type"":""MultiPoint"",""coordinates"":[]}"
1444,1479.3972602739725,1612,1486.608558256799,"{""type"":""MultiPoint"",""coordinates"":[]}"
1445,1637.076923076923,1788,1569.0145644196452,"{""type"":""MultiPoint"",""coordinates"":[]}"
1446,1505.9333333333334,1852,1491.0159745594449,"{""type"":""MultiPoint"",""coordinates"":[]}"
1447,1384.6666666666667,1280,1460.4398294035639,"{""type"":""MultiPoint"",""coordinates"":[]}"
1448,1505.9333333333334,1443,1491.0159745594449,"{""type"":""MultiPoint"",""coordinates"":[]}"
1449,1815.75,1862,1669.4761453471833,"{""type"":""MultiPoint"",""coordinates"":[]}"
1450,1405.0144927536232,1398,1463.9801642286516,"{""type"":""MultiPoint"",""coordinates"":[]}"
1451,1505.8387096774193,1569,1492.3749973078532,"{""type"":""MultiPoint"",""coordinates"":[]}"
1452,1384.6666666666667,1031,1460.4398294035639,"{""type"":""MultiPoint"",""coordinates"":[]}"
1453,1479.3972602739725,1593,1486.608558256799,"{""type"":""MultiPoint"",""coordinates"":[]}"
1454,1405.0144927536232,1344,1463.9801642286516,"{""type"":""MultiPoint"",""coordinates"":[]}"
1455,1442.0,1385,1462.3613183308355,"{""type"":""MultiPoint"",""coordinates"":[]}"
1456,1558.1020408163265,1675,1521.945726524451,"{""type"":""MultiPoint"",""coordinates"":[]}"
1457,1088.0833333333333,915,1313.4220715461834,"{""type"":""MultiPoint"",""coordinates"":[]}"
1458,1505.9333333333334,1539,1491.0159745594449,"{""type"":""MultiPoint"",""coordinates"":[]}"
1459,1558.1020408163265,1421,1521.945726524451,"{""type"":""MultiPoint"",""coordinates"":[]}"
1460,1687.344827586207,1546,1615.1425223143983,"{""type"":""MultiPoint"",""coordinates"":[]}"
1462,1479.3972602739725,1514,1486.608558256799,"{""type"":""MultiPoint"",""coordinates"":[]}"
1463,1505.8387096774193,1743,1492.3749973078532,"{""type"":""MultiPoint"",""coordinates"":[]}"
1464,1405.0144927536232,1285,1463.9801642286516,"{""type"":""MultiPoint"",""coordinates"":[]}"
1465,1606.7142857142858,1483,1550.9099038289453,"{""type"":""MultiPoint"",""coordinates"":[]}"
1466,1558.1020408163265,1876,1521.945726524451,"{""type"":""MultiPoint"",""coordinates"":[]}"
1467,1784.695652173913,1815,1638.5012106745087,"{""type"":""MultiPoint"",""coordinates"":[]}"
1468,796.5,857,650.6506590050553,"{""type"":""MultiPoint"",""coordinates"":[]}"
1469,1687.344827586207,1627,1615.1425223143983,"{""type"":""MultiPoint"",""coordinates"":[]}"
1470,1425.6363636363637,1353,1464.3837820903102,"{""type"":""MultiPoint"",""coordinates"":[]}"
1471,1456.4558823529412,1633,1482.707154066437,"{""type"":""MultiPoint"",""coordinates"":[]}"
1472,2433.2,2026,2089.2895956172542,"{""type"":""MultiPoint"",""coordinates"":[]}"
1473,1405.0144927536232,1539,1463.9801642286516,"{""type"":""MultiPoint"",""coordinates"":[]}"
1474,1362.0,1522,1460.2419960702307,"{""type"":""MultiPoint"",""coordinates"":[]}"
1475,1505.9333333333334,1234,1491.0159745594449,"{""type"":""MultiPoint"",""coordinates"":[]}"
1476,1251.6666666666667,1182,1319.3716847940468,"{""type"":""MultiPoint"",""coordinates"":[]}"
1477,1637.076923076923,1452,1569.0145644196452,"{""type"":""MultiPoint"",""coordinates"":[]}"
1478,1628.5833333333333,1889,1551.6271448978778,"{""type"":""MultiPoint"",""coordinates"":[]}"
1479,1628.5833333333333,1369,1551.6271448978778,"{""type"":""MultiPoint"",""coordinates"":[]}"
1480,1687.344827586207,1515,1615.1425223143983,"{""type"":""MultiPoint"",""coordinates"":[]}"
1481,1425.6363636363637,1346,1464.3837820903102,"{""type"":""MultiPoint"",""coordinates"":[]}"
1482,1629.1666666666667,1503,1631.825078806377,"{""type"":""MultiPoint"",""coordinates"":[]}"
1483,1094.5,1173,932.73476239647,"{""type"":""MultiPoint"",""coordinates"":[]}"
1484,1405.0144927536232,1591,1463.9801642286516,"{""type"":""MultiPoint"",""coordinates"":[]}"
1485,1505.8387096774193,1384,1492.3749973078532,"{""type"":""MultiPoint"",""coordinates"":[]}"
1486,796.5,521,650.6506590050553,"{""type"":""MultiPoint"",""coordinates"":[]}"
1487,1442.0,1261,1462.3613183308355,"{""type"":""MultiPoint"",""coordinates"":[]}"
1489,2433.2,2725,2111.144110432069,"{""type"":""MultiPoint"",""coordinates"":[]}"
1490,1362.0,1279,1460.2419960702307,"{""type"":""MultiPoint"",""coordinates"":[]}"
1491,796.5,494,650.6506590050553,"{""type"":""MultiPoint"",""coordinates"":[]}"
1492,1456.4558823529412,1973,1482.707154066437,"{""type"":""MultiPoint"",""coordinates"":[]}"
1493,1447.1818181818182,1514,1464.6140746984988,"{""type"":""MultiPoint"",""coordinates"":[]}"
1494,1505.9333333333334,1354,1491.0159745594449,"{""type"":""MultiPoint"",""coordinates"":[]}"
1495,1628.5833333333333,1421,1551.6271448978778,"{""type"":""MultiPoint"",""coordinates"":[]}"
1496,1362.0,1359,1460.2419960702307,"{""type"":""MultiPoint"",""coordinates"":[]}"
1497,1456.4558823529412,1408,1482.707154066437,"{""type"":""MultiPoint"",""coordinates"":[]}"
1498,1094.5,1058,932.73476239647,"{""type"":""MultiPoint"",""coordinates"":[]}"
1500,1362.0,1802,1460.2419960702307,"{""type"":""MultiPoint"",""coordinates"":[]}"
1501,1456.4558823529412,1381,1482.707154066437,"{""type"":""MultiPoint"",""coordinates"":[]}"
1503,1505.8387096774193,1610,1492.3749973078532,"{""type"":""MultiPoint"",""coordinates"":[]}"
1504,796.5,670,650.6506590050553,"{""type"":""MultiPoint"",""coordinates"":[]}"
1505,1405.0144927536232,1602,1463.9801642286516,"{""type"":""MultiPoint"",""coordinates"":[]}"
1506,1252.8,977,1337.273480891639,"{""type"":""MultiPoint"",""coordinates"":[]}"
1507,1505.9333333333334,1729,1491.0159745594449,"{""type"":""MultiPoint"",""coordinates"":[]}"
1508,2433.2,2152,2089.2895956172542,"{""type"":""MultiPoint"",""coordinates"":[]}"
1509,1628.5833333333333,1680,1551.6271448978778,"{""type"":""MultiPoint"",""coordinates"":[]}"
1510,1505.9333333333334,1577,1491.0159745594449,"{""type"":""MultiPoint"",""coordinates"":[]}"
1511,1425.6363636363637,1279,1464.3837820903102,"{""type"":""MultiPoint"",""coordinates"":[]}"
1512,1425.6363636363637,1437,1464.3837820903102,"{""type"":""MultiPoint"",""coordinates"":[]}"
1513,1479.3972602739725,1734,1486.608558256799,"{""type"":""MultiPoint"",""coordinates"":[]}"
1514,1384.6666666666667,1296,1460.4398294035639,"{""type"":""MultiPoint"",""coordinates"":[]}"
1515,239.8,316,472.68580599686175,"{""type"":""MultiPoint"",""coordinates"":[]}"
1516,1456.4558823529412,1349,1482.707154066437,"{""type"":""MultiPoint"",""coordinates"":[]}"
1517,1637.076923076923,1678,1569.0145644196452,"{""type"":""MultiPoint"",""coordinates"":[]}"
1519,1505.9333333333334,1385,1491.0159745594449,"{""type"":""MultiPoint"",""coordinates"":[]}"
1520,1144.8333333333333,1231,1307.1711234634852,"{""type"":""MultiPoint"",""coordinates"":[]}"
1521,1456.4558823529412,1446,1482.707154066437,"{""type"":""MultiPoint"",""coordinates"":[]}"
1522,1405.0144927536232,1546,1463.9801642286516,"{""type"":""MultiPoint"",""coordinates"":[]}"
1523,1505.9333333333334,1547,1491.0159745594449,"{""type"":""MultiPoint"",""coordinates"":[]}"
1524,1442.0,1367,1462.3613183308355,"{""type"":""MultiPoint"",""coordinates"":[]}"
1525,1479.3972602739725,1925,1486.608558256799,"{""type"":""MultiPoint"",""coordinates"":[]}"
1526,1251.6666666666667,907,1319.3716847940468,"{""type"":""MultiPoint"",""coordinates"":[]}"
1527,1606.7142857142858,1656,1550.9099038289453,"{""type"":""MultiPoint"",""coordinates"":[]}"
1528,1505.8387096774193,1593,1492.3749973078532,"{""type"":""MultiPoint"",""coordinates"":[]}"
1529,1505.8387096774193,1698,1492.3749973078532,"{""type"":""MultiPoint"",""coordinates"":[]}"
1531,1505.9333333333334,1389,1491.0159745594449,"{""type"":""MultiPoint"",""coordinates"":[]}"
1532,1362.0,1181,1460.2419960702307,"{""type"":""MultiPoint"",""coordinates"":[]}"
1533,1505.8387096774193,1680,1492.3749973078532,"{""type"":""MultiPoint"",""coordinates"":[]}"
1534,346.4,494,512.0726257157903,"{""type"":""MultiPoint"",""coordinates"":[]}"
1535,1384.6666666666667,1146,1460.4398294035639,"{""type"":""MultiPoint"",""coordinates"":[]}"
1536,1425.6363636363637,1511,1464.3837820903102,"{""type"":""MultiPoint"",""coordinates"":[]}"
1537,1088.0833333333333,1232,1313.4220715461834,"{""type"":""MultiPoint"",""coordinates"":[]}"
1538,1606.7142857142858,1495,1550.9099038289453,"{""type"":""MultiPoint"",""coordinates"":[]}"
1539,1628.5833333333333,1705,1551.6271448978778,"{""type"":""MultiPoint"",""coordinates"":[]}"
1540,1606.7142857142858,1704,1550.9099038289453,"{""type"":""MultiPoint"",""coordinates"":[]}"
1541,963.25,1032,923.3796869996446,"{""type"":""MultiPoint"",""coordinates"":[]}"
1542,1447.1818181818182,1343,1464.6140746984988,"{""type"":""MultiPoint"",""coordinates"":[]}"
1543,1456.4558823529412,1407,1482.707154066437,"{""type"":""MultiPoint"",""coordinates"":[]}"
1544,1425.6363636363637,1443,1464.3837820903102,"{""type"":""MultiPoint"",""coordinates"":[]}"
1545,1505.8387096774193,1607,1492.3749973078532,"{""type"":""MultiPoint"",""coordinates"":[]}"
1546,1505.8387096774193,1549,1492.3749973078532,"{""type"":""MultiPoint"",""coordinates"":[]}"
1547,1558.1020408163265,2070,1521.945726524451,"{""type"":""MultiPoint"",""coordinates"":[]}"
1548,1221.7142857142858,1260,1328.005662797542,"{""type"":""MultiPoint"",""coordinates"":[]}"
1549,1456.4558823529412,1482,1482.707154066437,"{""type"":""MultiPoint"",""coordinates"":[]}"
1550,983.6,953,940.1488159388058,"{""type"":""MultiPoint"",""coordinates"":[]}"
1551,983.6,983,940.1488159388058,"{""type"":""MultiPoint"",""coordinates"":[]}"
1552,1479.3972602739725,1703,1486.608558256799,"{""type"":""MultiPoint"",""coordinates"":[]}"
1553,346.4,282,512.0726257157903,"{""type"":""MultiPoint"",""coordinates"":[]}"
1554,1479.3972602739725,1346,1486.608558256799,"{""type"":""MultiPoint"",""coordinates"":[]}"
1555,2282.0,2474,2114.5683009082586,"{""type"":""MultiPoint"",""coordinates"":[]}"
1556,796.5,551,650.6506590050553,"{""type"":""MultiPoint"",""coordinates"":[]}"
1557,1628.5833333333333,1362,1551.6271448978778,"{""type"":""MultiPoint"",""coordinates"":[]}"
1558,1479.3972602739725,1377,1486.608558256799,"{""type"":""MultiPoint"",""coordinates"":[]}"
1559,1362.0,1461,1460.2419960702307,"{""type"":""MultiPoint"",""coordinates"":[]}"
1560,1505.8387096774193,1354,1492.3749973078532,"{""type"":""MultiPoint"",""coordinates"":[]}"
1561,1687.344827586207,1720,1615.1425223143983,"{""type"":""MultiPoint"",""coordinates"":[]}"
1562,1405.0144927536232,1486,1463.9801642286516,"{""type"":""MultiPoint"",""coordinates"":[]}"
1563,1505.9333333333334,1792,1491.0159745594449,"{""type"":""MultiPoint"",""coordinates"":[]}"
1564,1240.4,1284,1349.1208692727698,"{""type"":""MultiPoint"",""coordinates"":[]}"
1565,1425.6363636363637,1654,1464.3837820903102,"{""type"":""MultiPoint"",""coordinates"":[]}"
1566,1456.4558823529412,1266,1482.707154066437,"{""type"":""MultiPoint"",""coordinates"":[]}"
1567,1456.4558823529412,1476,1482.707154066437,"{""type"":""MultiPoint"",""coordinates"":[]}"
1568,1505.8387096774193,1548,1492.3749973078532,"{""type"":""MultiPoint"",""coordinates"":[]}"
1569,1384.6666666666667,1284,1460.4398294035639,"{""type"":""MultiPoint"",""coordinates"":[]}"
1570,1362.0,1403,1460.2419960702307,"{""type"":""MultiPoint"",""coordinates"":[]}"
1571,1456.4558823529412,1459,1482.707154066437,"{""type"":""MultiPoint"",""coordinates"":[]}"
1572,1362.0,1372,1460.2419960702307,"{""type"":""MultiPoint"",""coordinates"":[]}"
1573,1221.7142857142858,1360,1328.005662797542,"{""type"":""MultiPoint"",""coordinates"":[]}"
1574,1384.6666666666667,1390,1460.4398294035639,"{""type"":""MultiPoint"",""coordinates"":[]}"
1575,134.0,385,460.2274012349569,"{""type"":""MultiPoint"",""coordinates"":[]}"
1577,1505.9333333333334,1335,1491.0159745594449,"{""type"":""MultiPoint"",""coordinates"":[]}"
1578,1362.0,1451,1460.2419960702307,"{""type"":""MultiPoint"",""coordinates"":[]}"
1579,1278.4,1445,1336.9709298348525,"{""type"":""MultiPoint"",""coordinates"":[]}"
1580,1985.0,2358,1948.8744297458109,"{""type"":""MultiPoint"",""coordinates"":[]}"
1581,1456.4558823529412,1416,1482.707154066437,"{""type"":""MultiPoint"",""coordinates"":[]}"
1582,1687.344827586207,1491,1615.1425223143983,"{""type"":""MultiPoint"",""coordinates"":[]}"
1583,968.4,1012,941.1107921292819,"{""type"":""MultiPoint"",""coordinates"":[]}"
1584,1021.0,1166,959.0638172798717,"{""type"":""MultiPoint"",""coordinates"":[]}"
1585,1784.695652173913,1824,1638.5012106745087,"{""type"":""MultiPoint"",""coordinates"":[]}"
1587,1425.6363636363637,1365,1464.3837820903102,"{""type"":""MultiPoint"",""coordinates"":[]}"
1588,1088.0833333333333,1157,1313.4220715461834,"{""type"":""MultiPoint"",""coordinates"":[]}"
1589,1096.5,685,896.1438358779992,"{""type"":""MultiPoint"",""coordinates"":[]}"
1590,1088.0833333333333,1198,1313.4220715461834,"{""type"":""MultiPoint"",""coordinates"":[]}"
1591,2008.0,2404,1976.7493938747436,"{""type"":""MultiPoint"",""coordinates"":[]}"
1592,1088.0833333333333,1229,1313.4220715461834,"{""type"":""MultiPoint"",""coordinates"":[]}"
1593,801.5,850,917.4721869996446,"{""type"":""MultiPoint"",""coordinates"":[]}"
1594,1479.3972602739725,1575,1486.608558256799,"{""type"":""MultiPoint"",""coordinates"":[]}"
1595,1456.4558823529412,1591,1482.707154066437,"{""type"":""MultiPoint"",""coordinates"":[]}"
1596,1088.0833333333333,1336,1313.4220715461834,"{""type"":""MultiPoint"",""coordinates"":[]}"
1597,2433.2,2634,2111.144110432069,"{""type"":""MultiPoint"",""coordinates"":[]}"
1598,1425.6363636363637,1451,1464.3837820903102,"{""type"":""MultiPoint"",""coordinates"":[]}"
1599,1637.076923076923,1465,1569.0145644196452,"{""type"":""MultiPoint"",""coordinates"":[]}"
1600,1456.4558823529412,1539,1482.707154066437,"{""type"":""MultiPoint"",""coordinates"":[]}"
1601,1822.6,1767,1674.8470816998247,"{""type"":""MultiPoint"",""coordinates"":[]}"
1603,1405.0144927536232,1357,1463.9801642286516,"{""type"":""MultiPoint"",""coordinates"":[]}"
1604,1094.5,947,932.73476239647,"{""type"":""MultiPoint"",""coordinates"":[]}"
1605,1606.7142857142858,1518,1550.9099038289453,"{""type"":""MultiPoint"",""coordinates"":[]}"
1606,1405.0144927536232,1199,1463.9801642286516,"{""type"":""MultiPoint"",""coordinates"":[]}"
1608,1456.4558823529412,1327,1482.707154066437,"{""type"":""MultiPoint"",""coordinates"":[]}"
1609,1362.0,1295,1460.2419960702307,"{""type"":""MultiPoint"",""coordinates"":[]}"
1610,1505.9333333333334,1385,1491.0159745594449,"{""type"":""MultiPoint"",""coordinates"":[]}"
1611,546.75,746,559.4046307875157,"{""type"":""MultiPoint"",""coordinates"":[]}"
1612,1505.9333333333334,1386,1491.0159745594449,"{""type"":""MultiPoint"",""coordinates"":[]}"
1613,1278.4,1156,1336.9709298348525,"{""type"":""MultiPoint"",""coordinates"":[]}"
1614,1278.4,1317,1336.9709298348525,"{""type"":""MultiPoint"",""coordinates"":[]}"
1615,1784.695652173913,1833,1638.5012106745087,"{""type"":""MultiPoint"",""coordinates"":[]}"
1616,1558.1020408163265,1345,1521.945726524451,"{""type"":""MultiPoint"",""coordinates"":[]}"
1617,1425.6363636363637,1560,1464.3837820903102,"{""type"":""MultiPoint"",""coordinates"":[]}"
1618,1505.8387096774193,1363,1492.3749973078532,"{""type"":""MultiPoint"",""coordinates"":[]}"
1619,1479.3972602739725,1510,1486.608558256799,"{""type"":""MultiPoint"",""coordinates"":[]}"
1620,1405.0144927536232,1648,1463.9801642286516,"{""type"":""MultiPoint"",""coordinates"":[]}"
1621,1456.4558823529412,1535,1482.707154066437,"{""type"":""MultiPoint"",""coordinates"":[]}"
1622,1637.076923076923,1896,1569.0145644196452,"{""type"":""MultiPoint"",""coordinates"":[]}"
1623,1558.1020408163265,1551,1521.945726524451,"{""type"":""MultiPoint"",""coordinates"":[]}"
1624,1505.9333333333334,1424,1491.0159745594449,"{""type"":""MultiPoint"",""coordinates"":[]}"
1625,2433.2,2112,2089.2895956172542,"{""type"":""MultiPoint"",""coordinates"":[]}"
1626,1687.344827586207,1915,1615.1425223143983,"{""type"":""MultiPoint"",""coordinates"":[]}"
1627,1629.1666666666667,1660,1631.825078806377,"{""type"":""MultiPoint"",""coordinates"":[]}"
1628,1425.6363636363637,1128,1464.3837820903102,"{""type"":""MultiPoint"",""coordinates"":[]}"
1629,1628.5833333333333,1559,1551.6271448978778,"{""type"":""MultiPoint"",""coordinates"":[]}"
1630,996.0,794,940.0176765378842,"{""type"":""MultiPoint"",""coordinates"":[]}"
1632,1456.4558823529412,1356,1482.707154066437,"{""type"":""MultiPoint"",""coordinates"":[]}"
1634,2342.5,1666,1965.6784676245993,"{""type"":""MultiPoint"",""coordinates"":[]}"
1635,1384.6666666666667,1212,1460.4398294035639,"{""type"":""MultiPoint"",""coordinates"":[]}"
1636,1278.4,1172,1336.9709298348525,"{""type"":""MultiPoint"",""coordinates"":[]}"
1637,1505.9333333333334,1611,1491.0159745594449,"{""type"":""MultiPoint"",""coordinates"":[]}"
1638,796.5,835,739.2259569650934,"{""type"":""MultiPoint"",""coordinates"":[]}"
1639,1251.6666666666667,1166,1319.3716847940468,"{""type"":""MultiPoint"",""coordinates"":[]}"
1640,1687.344827586207,1511,1615.1425223143983,"{""type"":""MultiPoint"",""coordinates"":[]}"
1641,1687.344827586207,1625,1615.1425223143983,"{""type"":""MultiPoint"",""coordinates"":[]}"
1642,1479.3972602739725,1333,1486.608558256799,"{""type"":""MultiPoint"",""coordinates"":[]}"
1643,1687.344827586207,1663,1615.1425223143983,"{""type"":""MultiPoint"",""coordinates"":[]}"
1644,1456.4558823529412,1532,1482.707154066437,"{""type"":""MultiPoint"",""coordinates"":[]}"
1645,1628.5833333333333,1675,1551.6271448978778,"{""type"":""MultiPoint"",""coordinates"":[]}"
1646,1505.9333333333334,1257,1491.0159745594449,"{""type"":""MultiPoint"",""coordinates"":[]}"
1647,1505.8387096774193,1539,1492.3749973078532,"{""type"":""MultiPoint"",""coordinates"":[]}"
1648,1405.0144927536232,1418,1463.9801642286516,"{""type"":""MultiPoint"",""coordinates"":[]}"
1649,1505.8387096774193,1710,1492.3749973078532,"{""type"":""MultiPoint"",""coordinates"":[]}"
1650,1442.0,1106,1462.3613183308355,"{""type"":""MultiPoint"",""coordinates"":[]}"
1651,1784.695652173913,1731,1638.5012106745087,"{""type"":""MultiPoint"",""coordinates"":[]}"
1652,1505.8387096774193,1531,1492.3749973078532,"{""type"":""MultiPoint"",""coordinates"":[]}"
1653,2018.75,2321,1969.3811884634881,"{""type"":""MultiPoint"",""coordinates"":[]}"
1654,1558.1020408163265,1494,1521.945726524451,"{""type"":""MultiPoint"",""coordinates"":[]}"
1655,1405.0144927536232,1806,1463.9801642286516,"{""type"":""MultiPoint"",""coordinates"":[]}"
1657,1558.1020408163265,1265,1521.945726524451,"{""type"":""MultiPoint"",""coordinates"":[]}"
1658,1479.3972602739725,1587,1486.608558256799,"{""type"":""MultiPoint"",""coordinates"":[]}"
1659,1505.8387096774193,1401,1492.3749973078532,"{""type"":""MultiPoint"",""coordinates"":[]}"
1660,1405.0144927536232,1233,1463.9801642286516,"{""type"":""MultiPoint"",""coordinates"":[]}"
1661,1505.8387096774193,1517,1492.3749973078532,"{""type"":""MultiPoint"",""coordinates"":[]}"
1662,1505.8387096774193,1608,1492.3749973078532,"{""type"":""MultiPoint"",""coordinates"":[]}"
1663,1479.3972602739725,1528,1486.608558256799,"{""type"":""MultiPoint"",""coordinates"":[]}"
1664,1985.0,1893,1948.8744297458109,"{""type"":""MultiPoint"",""coordinates"":[]}"
1665,1384.6666666666667,1466,1460.4398294035639,"{""type"":""MultiPoint"",""coordinates"":[]}"
1666,1687.344827586207,1498,1615.1425223143983,"{""type"":""MultiPoint"",""coordinates"":[]}"
1667,1094.5,681,932.73476239647,"{""type"":""MultiPoint"",""coordinates"":[]}"
1668,1479.3972602739725,1492,1486.608558256799,"{""type"":""MultiPoint"",""coordinates"":[]}"
1669,1096.5,1397,896.1438358779992,"{""type"":""MultiPoint"",""coordinates"":[]}"
1670,222.66666666666666,216,481.12178326958906,"{""type"":""MultiPoint"",""coordinates"":[]}"
1671,1822.6,2004,1674.8470816998247,"{""type"":""MultiPoint"",""coordinates"":[]}"
1672,1405.0144927536232,1398,1463.9801642286516,"{""type"":""MultiPoint"",""coordinates"":[]}"
1673,1405.0144927536232,1624,1463.9801642286516,"{""type"":""MultiPoint"",""coordinates"":[]}"
1674,1558.1020408163265,1361,1521.945726524451,"{""type"":""MultiPoint"",""coordinates"":[]}"
1675,2027.3333333333333,1704,1694.0026973736249,"{""type"":""MultiPoint"",""coordinates"":[]}"
1676,1558.1020408163265,1533,1521.945726524451,"{""type"":""MultiPoint"",""coordinates"":[]}"
1677,1252.8,984,1337.273480891639,"{""type"":""MultiPoint"",""coordinates"":[]}"
1678,1221.7142857142858,1271,1328.005662797542,"{""type"":""MultiPoint"",""coordinates"":[]}"
1679,1629.1666666666667,1979,1631.825078806377,"{""type"":""MultiPoint"",""coordinates"":[]}"
1680,1505.8387096774193,1508,1492.3749973078532,"{""type"":""MultiPoint"",""coordinates"":[]}"
1681,1425.6363636363637,1419,1464.3837820903102,"{""type"":""MultiPoint"",""coordinates"":[]}"
1682,1558.1020408163265,1636,1521.945726524451,"{""type"":""MultiPoint"",""coordinates"":[]}"
1684,2299.625,1817,2040.4757960501543,"{""type"":""MultiPoint"",""coordinates"":[]}"
1685,1687.344827586207,1576,1615.1425223143983,"{""type"":""MultiPoint"",""coordinates"":[]}"
1686,1479.3972602739725,1376,1486.608558256799,"{""type"":""MultiPoint"",""coordinates"":[]}"
1687,1405.0144927536232,1457,1463.9801642286516,"{""type"":""MultiPoint"",""coordinates"":[]}"
1688,1384.6666666666667,1375,1460.4398294035639,"{""type"":""MultiPoint"",""coordinates"":[]}"
1689,1405.0144927536232,1433,1463.9801642286516,"{""type"":""MultiPoint"",""coordinates"":[]}"
1690,1628.5833333333333,1563,1551.6271448978778,"{""type"":""MultiPoint"",""coordinates"":[]}"
1691,1628.5833333333333,1953,1551.6271448978778,"{""type"":""MultiPoint"",""coordinates"":[]}"
1692,1815.75,1538,1676.4039453860335,"{""type"":""MultiPoint"",""coordinates"":[]}"
1693,1252.8,1257,1337.273480891639,"{""type"":""MultiPoint"",""coordinates"":[]}"
1694,2433.2,2628,2308.8730503838456,"{""type"":""MultiPoint"",""coordinates"":[]}"
1695,1405.0144927536232,1249,1463.9801642286516,"{""type"":""MultiPoint"",""coordinates"":[]}"
1696,996.0,1130,940.0176765378842,"{""type"":""MultiPoint"",""coordinates"":[]}"
1697,1505.8387096774193,1390,1492.3749973078532,"{""type"":""MultiPoint"",""coordinates"":[]}"
1698,1425.6363636363637,1207,1464.3837820903102,"{""type"":""MultiPoint"",""coordinates"":[]}"
1699,1505.8387096774193,1514,1492.3749973078532,"{""type"":""MultiPoint"",""coordinates"":[]}"
1700,1505.8387096774193,1542,1492.3749973078532,"{""type"":""MultiPoint"",""coordinates"":[]}"
1701,1425.6363636363637,1445,1464.3837820903102,"{""type"":""MultiPoint"",""coordinates"":[]}"
1702,1362.0,1216,1460.2419960702307,"{""type"":""MultiPoint"",""coordinates"":[]}"
1703,1637.076923076923,1542,1569.0145644196452,"{""type"":""MultiPoint"",""coordinates"":[]}"
1705,1479.3972602739725,1540,1486.608558256799,"{""type"":""MultiPoint"",""coordinates"":[]}"
1707,1687.344827586207,1947,1615.1425223143983,"{""type"":""MultiPoint"",""coordinates"":[]}"
1708,1479.3972602739725,1435,1486.608558256799,"{""type"":""MultiPoint"",""coordinates"":[]}"
1710,1985.0,2005,1948.8744297458109,"{""type"":""MultiPoint"",""coordinates"":[]}"
1711,1251.6666666666667,975,1319.3716847940468,"{""type"":""MultiPoint"",""coordinates"":[]}"
1712,1558.1020408163265,1615,1521.945726524451,"{""type"":""MultiPoint"",""coordinates"":[]}"
1715,1479.3972602739725,1256,1486.608558256799,"{""type"":""MultiPoint"",""coordinates"":[]}"
1716,1221.7142857142858,1126,1328.005662797542,"{""type"":""MultiPoint"",""coordinates"":[]}"
1718,1252.8,1266,1337.273480891639,"{""type"":""MultiPoint"",""coordinates"":[]}"
1719,1088.0833333333333,1039,1313.4220715461834,"{""type"":""MultiPoint"",""coordinates"":[]}"
1720,1505.9333333333334,1354,1491.0159745594449,"{""type"":""MultiPoint"",""coordinates"":[]}"
1721,1784.695652173913,1604,1638.5012106745087,"{""type"":""MultiPoint"",""coordinates"":[]}"
1722,1815.75,1829,1669.4761453471833,"{""type"":""MultiPoint"",""coordinates"":[]}"
1723,996.0,798,940.0176765378842,"{""type"":""MultiPoint"",""coordinates"":[]}"
1724,1505.9333333333334,1456,1491.0159745594449,"{""type"":""MultiPoint"",""coordinates"":[]}"
1725,1784.695652173913,1819,1638.5012106745087,"{""type"":""MultiPoint"",""coordinates"":[]}"
1726,1687.344827586207,1648,1615.1425223143983,"{""type"":""MultiPoint"",""coordinates"":[]}"
1727,2027.3333333333333,1475,1694.0026973736249,"{""type"":""MultiPoint"",""coordinates"":[]}"
1728,1505.8387096774193,1762,1492.3749973078532,"{""type"":""MultiPoint"",""coordinates"":[]}"
1729,1479.3972602739725,1517,1486.608558256799,"{""type"":""MultiPoint"",""coordinates"":[]}"
1730,1505.8387096774193,1555,1492.3749973078532,"{""type"":""MultiPoint"",""coordinates"":[]}"
1731,1144.8333333333333,1435,1307.1711234634852,"{""type"":""MultiPoint"",""coordinates"":[]}"
1732,1252.8,1038,1337.273480891639,"{""type"":""MultiPoint"",""coordinates"":[]}"
1733,1380.3333333333333,1222,1355.717650741269,"{""type"":""MultiPoint"",""coordinates"":[]}"
1734,1362.0,1390,1460.2419960702307,"{""type"":""MultiPoint"",""coordinates"":[]}"
1735,1362.0,1238,1460.2419960702307,"{""type"":""MultiPoint"",""coordinates"":[]}"
1737,1558.1020408163265,1724,1521.945726524451,"{""type"":""MultiPoint"",""coordinates"":[]}"
1738,1505.8387096774193,1287,1492.3749973078532,"{""type"":""MultiPoint"",""coordinates"":[]}"
1739,1252.8,1366,1337.273480891639,"{""type"":""MultiPoint"",""coordinates"":[]}"
1740,1456.4558823529412,1356,1482.707154066437,"{""type"":""MultiPoint"",""coordinates"":[]}"
1741,1240.4,1238,1349.1208692727698,"{""type"":""MultiPoint"",""coordinates"":[]}"
1742,1456.4558823529412,1325,1482.707154066437,"{""type"":""MultiPoint"",""coordinates"":[]}"
1745,2150.8,2061,2041.3889800328384,"{""type"":""MultiPoint"",""coordinates"":[]}"
1746,1505.8387096774193,1593,1492.3749973078532,"{""type"":""MultiPoint"",""coordinates"":[]}"
1747,1637.076923076923,1779,1569.0145644196452,"{""type"":""MultiPoint"",""coordinates"":[]}"
1748,1362.0,1327,1460.2419960702307,"{""type"":""MultiPoint"",""coordinates"":[]}"
1750,1362.0,1400,1460.2419960702307,"{""type"":""MultiPoint"",""coordinates"":[]}"
1751,1606.7142857142858,1622,1550.9099038289453,"{""type"":""MultiPoint"",""coordinates"":[]}"
1752,1558.1020408163265,1916,1521.945726524451,"{""type"":""MultiPoint"",""coordinates"":[]}"
1753,1405.0144927536232,1337,1463.9801642286516,"{""type"":""MultiPoint"",""coordinates"":[]}"
1754,1380.3333333333333,1074,1355.717650741269,"{""type"":""MultiPoint"",""coordinates"":[]}"
1755,1425.6363636363637,1570,1464.3837820903102,"{""type"":""MultiPoint"",""coordinates"":[]}"
1756,1232.5,1147,1354.6301263924415,"{""type"":""MultiPoint"",""coordinates"":[]}"
1757,1505.9333333333334,1612,1491.0159745594449,"{""type"":""MultiPoint"",""coordinates"":[]}"
1758,1505.8387096774193,1641,1492.3749973078532,"{""type"":""MultiPoint"",""coordinates"":[]}"
1759,1606.7142857142858,1331,1550.9099038289453,"{""type"":""MultiPoint"",""coordinates"":[]}"
1760,1505.9333333333334,1645,1491.0159745594449,"{""type"":""MultiPoint"",""coordinates"":[]}"
1761,1447.1818181818182,1417,1464.6140746984988,"{""type"":""MultiPoint"",""coordinates"":[]}"
1762,1425.6363636363637,1384,1464.3837820903102,"{""type"":""MultiPoint"",""coordinates"":[]}"
1763,1985.0,1988,1948.8744297458109,"{""type"":""MultiPoint"",""coordinates"":[]}"
1765,1456.4558823529412,1419,1482.707154066437,"{""type"":""MultiPoint"",""coordinates"":[]}"
1766,1221.7142857142858,1524,1328.005662797542,"{""type"":""MultiPoint"",""coordinates"":[]}"
1767,1505.9333333333334,1525,1491.0159745594449,"{""type"":""MultiPoint"",""coordinates"":[]}"
1768,1456.4558823529412,1415,1482.707154066437,"{""type"":""MultiPoint"",""coordinates"":[]}"
1769,1505.9333333333334,1507,1491.0159745594449,"{""type"":""MultiPoint"",""coordinates"":[]}"
1770,2027.3333333333333,1956,1694.0026973736249,"{""type"":""MultiPoint"",""coordinates"":[]}"
1772,1425.6363636363637,1598,1464.3837820903102,"{""type"":""MultiPoint"",""coordinates"":[]}"
1773,199.0,278,458.02240123495693,"{""type"":""MultiPoint"",""coordinates"":[]}"
1774,1456.4558823529412,1998,1482.707154066437,"{""type"":""MultiPoint"",""coordinates"":[]}"
1775,1221.7142857142858,1172,1328.005662797542,"{""type"":""MultiPoint"",""coordinates"":[]}"
1776,1405.0144927536232,1387,1463.9801642286516,"{""type"":""MultiPoint"",""coordinates"":[]}"
1777,2027.3333333333333,1618,1687.414915033158,"{""type"":""MultiPoint"",""coordinates"":[]}"
1778,-21.25,107,424.1285116815278,"{""type"":""MultiPoint"",""coordinates"":[]}"
1779,1362.0,1338,1460.2419960702307,"{""type"":""MultiPoint"",""coordinates"":[]}"
1780,1456.4558823529412,1132,1482.707154066437,"{""type"":""MultiPoint"",""coordinates"":[]}"
1781,1380.3333333333333,1335,1355.717650741269,"{""type"":""MultiPoint"",""coordinates"":[]}"
1782,1558.1020408163265,1630,1521.945726524451,"{""type"":""MultiPoint"",""coordinates"":[]}"
1784,1405.0144927536232,1698,1463.9801642286516,"{""type"":""MultiPoint"",""coordinates"":[]}"
1785,1479.3972602739725,1560,1486.608558256799,"{""type"":""MultiPoint"",""coordinates"":[]}"
1786,1456.4558823529412,1527,1482.707154066437,"{""type"":""MultiPoint"",""coordinates"":[]}"
1787,1505.8387096774193,1669,1492.3749973078532,"{""type"":""MultiPoint"",""coordinates"":[]}"
1788,1088.0833333333333,1190,1313.4220715461834,"{""type"":""MultiPoint"",""coordinates"":[]}"
1789,1456.4558823529412,1814,1482.707154066437,"{""type"":""MultiPoint"",""coordinates"":[]}"
1790,1637.076923076923,1425,1569.0145644196452,"{""type"":""MultiPoint"",""coordinates"":[]}"
1791,1637.076923076923,1671,1569.0145644196452,"{""type"":""MultiPoint"",""coordinates"":[]}"
1792,1558.1020408163265,1538,1521.945726524451,"{""type"":""MultiPoint"",""coordinates"":[]}"
1793,1558.1020408163265,1260,1521.945726524451,"{""type"":""MultiPoint"",""coordinates"":[]}"
1794,1505.8387096774193,1642,1492.3749973078532,"{""type"":""MultiPoint"",""coordinates"":[]}"
1795,1456.4558823529412,1392,1482.707154066437,"{""type"":""MultiPoint"",""coordinates"":[]}"
1796,1505.8387096774193,1831,1492.3749973078532,"{""type"":""MultiPoint"",""coordinates"":[]}"
1797,1405.0144927536232,1291,1463.9801642286516,"{""type"":""MultiPoint"",""coordinates"":[]}"
1798,1479.3972602739725,1463,1486.608558256799,"{""type"":""MultiPoint"",""coordinates"":[]}"
1799,1425.6363636363637,1489,1464.3837820903102,"{""type"":""MultiPoint"",""coordinates"":[]}"
1800,1088.0833333333333,1228,1313.4220715461834,"{""type"":""MultiPoint"",""coordinates"":[]}"
1801,2299.625,2171,2040.4757960501543,"{""type"":""MultiPoint"",""coordinates"":[]}"
1802,1021.0,1035,957.9320224080769,"{""type"":""MultiPoint"",""coordinates"":[]}"
1803,996.0,921,940.0176765378842,"{""type"":""MultiPoint"",""coordinates"":[]}"
1804,1479.3972602739725,1456,1486.608558256799,"{""type"":""MultiPoint"",""coordinates"":[]}"
1805,1405.0144927536232,1364,1463.9801642286516,"{""type"":""MultiPoint"",""coordinates"":[]}"
1806,1505.9333333333334,1320,1491.0159745594449,"{""type"":""MultiPoint"",""coordinates"":[]}"
1807,1479.3972602739725,1330,1486.608558256799,"{""type"":""MultiPoint"",""coordinates"":[]}"
1808,1405.0144927536232,1540,1463.9801642286516,"{""type"":""MultiPoint"",""coordinates"":[]}"
1809,1505.9333333333334,1580,1491.0159745594449,"{""type"":""MultiPoint"",""coordinates"":[]}"
1810,1221.7142857142858,1652,1328.005662797542,"{""type"":""MultiPoint"",""coordinates"":[]}"
1811,1505.8387096774193,1701,1492.3749973078532,"{""type"":""MultiPoint"",""coordinates"":[]}"
1812,1425.6363636363637,1099,1464.3837820903102,"{""type"":""MultiPoint"",""coordinates"":[]}"
1813,1637.076923076923,1688,1569.0145644196452,"{""type"":""MultiPoint"",""coordinates"":[]}"
1814,1425.6363636363637,1632,1464.3837820903102,"{""type"":""MultiPoint"",""coordinates"":[]}"
1816,1456.4558823529412,1555,1482.707154066437,"{""type"":""MultiPoint"",""coordinates"":[]}"
1817,1456.4558823529412,1389,1482.707154066437,"{""type"":""MultiPoint"",""coordinates"":[]}"
1818,1405.0144927536232,1551,1463.9801642286516,"{""type"":""MultiPoint"",""coordinates"":[]}"
1819,1505.8387096774193,1368,1492.3749973078532,"{""type"":""MultiPoint"",""coordinates"":[]}"
1820,1479.3972602739725,1492,1486.608558256799,"{""type"":""MultiPoint"",""coordinates"":[]}"
1821,1405.0144927536232,1253,1463.9801642286516,"{""type"":""MultiPoint"",""coordinates"":[]}"
1822,1505.9333333333334,1370,1491.0159745594449,"{""type"":""MultiPoint"",""coordinates"":[]}"
1823,1687.344827586207,1597,1615.1425223143983,"{""type"":""MultiPoint"",""coordinates"":[]}"
1824,1405.0144927536232,1563,1463.9801642286516,"{""type"":""MultiPoint"",""coordinates"":[]}"
1825,1505.9333333333334,1509,1491.0159745594449,"{""type"":""MultiPoint"",""coordinates"":[]}"
1826,1405.0144927536232,1419,1463.9801642286516,"{""type"":""MultiPoint"",""coordinates"":[]}"
1827,1384.6666666666667,1483,1460.4398294035639,"{""type"":""MultiPoint"",""coordinates"":[]}"
1828,1479.3972602739725,1581,1486.608558256799,"{""type"":""MultiPoint"",""coordinates"":[]}"
1829,1815.75,1471,1669.4761453471833,"{""type"":""MultiPoint"",""coordinates"":[]}"
1830,1628.5833333333333,1742,1551.6271448978778,"{""type"":""MultiPoint"",""coordinates"":[]}"
1831,1637.076923076923,1817,1569.0145644196452,"{""type"":""MultiPoint"",""coordinates"":[]}"
1832,1558.1020408163265,1504,1521.945726524451,"{""type"":""MultiPoint"",""coordinates"":[]}"
1833,1479.3972602739725,1557,1486.608558256799,"{""type"":""MultiPoint"",""coordinates"":[]}"
1834,1362.0,1510,1460.2419960702307,"{""type"":""MultiPoint"",""coordinates"":[]}"
1835,1815.75,1480,1676.4039453860335,"{""type"":""MultiPoint"",""coordinates"":[]}"
1836,983.6,841,940.1488159388058,"{""type"":""MultiPoint"",""coordinates"":[]}"
1837,1479.3972602739725,1489,1486.608558256799,"{""type"":""MultiPoint"",""coordinates"":[]}"
1838,1425.6363636363637,1559,1464.3837820903102,"{""type"":""MultiPoint"",""coordinates"":[]}"
1839,1505.9333333333334,1582,1491.0159745594449,"{""type"":""MultiPoint"",""coordinates"":[]}"
1840,1456.4558823529412,1508,1482.707154066437,"{""type"":""MultiPoint"",""coordinates"":[]}"
1842,1405.0144927536232,1369,1463.9801642286516,"{""type"":""MultiPoint"",""coordinates"":[]}"
1843,1558.1020408163265,1656,1521.945726524451,"{""type"":""MultiPoint"",""coordinates"":[]}"
1845,1456.4558823529412,1363,1482.707154066437,"{""type"":""MultiPoint"",""coordinates"":[]}"
1846,1637.076923076923,1740,1569.0145644196452,"{""type"":""MultiPoint"",""coordinates"":[]}"
1848,1240.4,1172,1349.1208692727698,"{""type"":""MultiPoint"",""coordinates"":[]}"
1849,2695.0,2787,2156.2479221203803,"{""type"":""MultiPoint"",""coordinates"":[]}"
1850,1425.6363636363637,1361,1464.3837820903102,"{""type"":""MultiPoint"",""coordinates"":[]}"
1851,1505.9333333333334,1294,1491.0159745594449,"{""type"":""MultiPoint"",""coordinates"":[]}"
1852,1505.8387096774193,1459,1492.3749973078532,"{""type"":""MultiPoint"",""coordinates"":[]}"
1853,1815.75,1576,1676.4039453860335,"{""type"":""MultiPoint"",""coordinates"":[]}"
1854,1558.1020408163265,1311,1521.945726524451,"{""type"":""MultiPoint"",""coordinates"":[]}"
1855,1606.7142857142858,1605,1550.9099038289453,"{""type"":""MultiPoint"",""coordinates"":[]}"
1856,1425.6363636363637,1215,1464.3837820903102,"{""type"":""MultiPoint"",""coordinates"":[]}"
1857,401.5,372,528.9449709538854,"{""type"":""MultiPoint"",""coordinates"":[]}"
1859,1628.5833333333333,1581,1551.6271448978778,"{""type"":""MultiPoint"",""coordinates"":[]}"
1860,1456.4558823529412,1634,1482.707154066437,"{""type"":""MultiPoint"",""coordinates"":[]}"
1861,1687.344827586207,1626,1615.1425223143983,"{""type"":""MultiPoint"",""coordinates"":[]}"
1862,1405.0144927536232,1457,1463.9801642286516,"{""type"":""MultiPoint"",""coordinates"":[]}"
1863,1628.5833333333333,1493,1551.6271448978778,"{""type"":""MultiPoint"",""coordinates"":[]}"
1865,1362.0,1354,1460.2419960702307,"{""type"":""MultiPoint"",""coordinates"":[]}"
1866,1637.076923076923,1686,1569.0145644196452,"{""type"":""MultiPoint"",""coordinates"":[]}"
1867,1405.0144927536232,1111,1463.9801642286516,"{""type"":""MultiPoint"",""coordinates"":[]}"
1868,1637.076923076923,1540,1569.0145644196452,"{""type"":""MultiPoint"",""coordinates"":[]}"
1869,1456.4558823529412,1518,1482.707154066437,"{""type"":""MultiPoint"",""coordinates"":[]}"
1870,1425.6363636363637,1412,1464.3837820903102,"{""type"":""MultiPoint"",""coordinates"":[]}"
1871,1985.0,2212,1948.8744297458109,"{""type"":""MultiPoint"",""coordinates"":[]}"
1872,1380.3333333333333,1075,1355.717650741269,"{""type"":""MultiPoint"",""coordinates"":[]}"
1873,1405.0144927536232,1351,1463.9801642286516,"{""type"":""MultiPoint"",""coordinates"":[]}"
1874,1278.4,1184,1336.9709298348525,"{""type"":""MultiPoint"",""coordinates"":[]}"
1875,1606.7142857142858,1585,1550.9099038289453,"{""type"":""MultiPoint"",""coordinates"":[]}"
1876,1505.8387096774193,1445,1492.3749973078532,"{""type"":""MultiPoint"",""coordinates"":[]}"
1877,1505.8387096774193,1421,1492.3749973078532,"{""type"":""MultiPoint"",""coordinates"":[]}"
1878,996.0,981,940.0176765378842,"{""type"":""MultiPoint"",""coordinates"":[]}"
1879,1606.7142857142858,1679,1550.9099038289453,"{""type"":""MultiPoint"",""coordinates"":[]}"
1880,134.0,300,460.2274012349569,"{""type"":""MultiPoint"",""coordinates"":[]}"
1881,1425.6363636363637,1299,1464.3837820903102,"{""type"":""MultiPoint"",""coordinates"":[]}"
1882,1558.1020408163265,2055,1521.945726524451,"{""type"":""MultiPoint"",""coordinates"":[]}"
1884,1405.0144927536232,1549,1463.9801642286516,"{""type"":""MultiPoint"",""coordinates"":[]}"
1885,1637.076923076923,1388,1569.0145644196452,"{""type"":""MultiPoint"",""coordinates"":[]}"
1886,1479.3972602739725,1466,1486.608558256799,"{""type"":""MultiPoint"",""coordinates"":[]}"
1887,1456.4558823529412,1639,1482.707154066437,"{""type"":""MultiPoint"",""coordinates"":[]}"
1888,1456.4558823529412,1331,1482.707154066437,"{""type"":""MultiPoint"",""coordinates"":[]}"
1889,1479.3972602739725,1441,1486.608558256799,"{""type"":""MultiPoint"",""coordinates"":[]}"
1891,1687.344827586207,1788,1615.1425223143983,"{""type"":""MultiPoint"",""coordinates"":[]}"
1892,1637.076923076923,1657,1569.0145644196452,"{""type"":""MultiPoint"",""coordinates"":[]}"
1893,1395.6666666666667,1550,1461.851550888975,"{""type"":""MultiPoint"",""coordinates"":[]}"
1894,1425.6363636363637,1250,1464.3837820903102,"{""type"":""MultiPoint"",""coordinates"":[]}"
1895,1362.0,1467,1460.2419960702307,"{""type"":""MultiPoint"",""coordinates"":[]}"
1896,1425.6363636363637,1225,1464.3837820903102,"{""type"":""MultiPoint"",""coordinates"":[]}"
1897,1505.9333333333334,1340,1491.0159745594449,"{""type"":""MultiPoint"",""coordinates"":[]}"
1898,1606.7142857142858,1552,1550.9099038289453,"{""type"":""MultiPoint"",""coordinates"":[]}"
1899,1505.8387096774193,1633,1492.3749973078532,"{""type"":""MultiPoint"",""coordinates"":[]}"
1900,1456.4558823529412,1347,1482.707154066437,"{""type"":""MultiPoint"",""coordinates"":[]}"
1901,1505.9333333333334,1513,1491.0159745594449,"{""type"":""MultiPoint"",""coordinates"":[]}"
1903,1479.3972602739725,1310,1486.608558256799,"{""type"":""MultiPoint"",""coordinates"":[]}"
1905,1479.3972602739725,1737,1486.608558256799,"{""type"":""MultiPoint"",""coordinates"":[]}"
1906,2282.0,2520,2315.327717050512,"{""type"":""MultiPoint"",""coordinates"":[]}"
1907,1505.9333333333334,1312,1491.0159745594449,"{""type"":""MultiPoint"",""coordinates"":[]}"
1908,1637.076923076923,1429,1569.0145644196452,"{""type"":""MultiPoint"",""coordinates"":[]}"
1909,1505.8387096774193,1408,1492.3749973078532,"{""type"":""MultiPoint"",""coordinates"":[]}"
1910,1479.3972602739725,1364,1486.608558256799,"{""type"":""MultiPoint"",""coordinates"":[]}"
1911,1505.9333333333334,1655,1491.0159745594449,"{""type"":""MultiPoint"",""coordinates"":[]}"
1912,1505.9333333333334,1609,1491.0159745594449,"{""type"":""MultiPoint"",""coordinates"":[]}"
1913,1687.344827586207,1810,1615.1425223143983,"{""type"":""MultiPoint"",""coordinates"":[]}"
1914,1505.8387096774193,1722,1492.3749973078532,"{""type"":""MultiPoint"",""coordinates"":[]}"
1915,1985.0,2189,1948.8744297458109,"{""type"":""MultiPoint"",""coordinates"":[]}"
1916,1784.695652173913,1853,1638.5012106745087,"{""type"":""MultiPoint"",""coordinates"":[]}"
1917,1447.1818181818182,1406,1464.6140746984988,"{""type"":""MultiPoint"",""coordinates"":[]}"
1918,1637.076923076923,1627,1569.0145644196452,"{""type"":""MultiPoint"",""coordinates"":[]}"
1919,1558.1020408163265,2107,1521.945726524451,"{""type"":""MultiPoint"",""coordinates"":[]}"
1920,1784.695652173913,1620,1638.5012106745087,"{""type"":""MultiPoint"",""coordinates"":[]}"
1922,1456.4558823529412,1346,1482.707154066437,"{""type"":""MultiPoint"",""coordinates"":[]}"
1923,1505.9333333333334,1471,1491.0159745594449,"{""type"":""MultiPoint"",""coordinates"":[]}"
1924,1405.0144927536232,1546,1463.9801642286516,"{""type"":""MultiPoint"",""coordinates"":[]}"
1925,1456.4558823529412,1162,1482.707154066437,"{""type"":""MultiPoint"",""coordinates"":[]}"
1926,1637.076923076923,1603,1569.0145644196452,"{""type"":""MultiPoint"",""coordinates"":[]}"
1927,1384.6666666666667,1198,1460.4398294035639,"{""type"":""MultiPoint"",""coordinates"":[]}"
1928,1815.75,1744,1676.4039453860335,"{""type"":""MultiPoint"",""coordinates"":[]}"
1929,1088.0833333333333,1273,1313.4220715461834,"{""type"":""MultiPoint"",""coordinates"":[]}"
1930,1687.344827586207,1450,1615.1425223143983,"{""type"":""MultiPoint"",""coordinates"":[]}"
1931,1558.1020408163265,2140,1521.945726524451,"{""type"":""MultiPoint"",""coordinates"":[]}"
1932,1405.0144927536232,1256,1463.9801642286516,"{""type"":""MultiPoint"",""coordinates"":[]}"
1933,796.5,-108,739.2259569650934,"{""type"":""MultiPoint"",""coordinates"":[]}"
1934,1227.0,1206,1378.8043464738114,"{""type"":""MultiPoint"",""coordinates"":[]}"
1935,996.0,871,940.0176765378842,"{""type"":""MultiPoint"",""coordinates"":[]}"
1936,1362.0,1476,1460.2419960702307,"{""type"":""MultiPoint"",""coordinates"":[]}"
1937,1362.0,1803,1460.2419960702307,"{""type"":""MultiPoint"",""coordinates"":[]}"
1938,1558.1020408163265,1454,1521.945726524451,"{""type"":""MultiPoint"",""coordinates"":[]}"
1939,1815.75,1859,1669.4761453471833,"{""type"":""MultiPoint"",""coordinates"":[]}"
1940,1362.0,1408,1460.2419960702307,"{""type"":""MultiPoint"",""coordinates"":[]}"
1942,1505.9333333333334,1464,1491.0159745594449,"{""type"":""MultiPoint"",""coordinates"":[]}"
1943,1425.6363636363637,1285,1464.3837820903102,"{""type"":""MultiPoint"",""coordinates"":[]}"
1944,1405.0144927536232,1458,1463.9801642286516,"{""type"":""MultiPoint"",""coordinates"":[]}"
1945,1278.4,1369,1336.9709298348525,"{""type"":""MultiPoint"",""coordinates"":[]}"
1946,1558.1020408163265,1466,1521.945726524451,"{""type"":""MultiPoint"",""coordinates"":[]}"
1947,1505.8387096774193,1280,1492.3749973078532,"{""type"":""MultiPoint"",""coordinates"":[]}"
1948,1362.0,1589,1460.2419960702307,"{""type"":""MultiPoint"",""coordinates"":[]}"
1949,1558.1020408163265,1600,1521.945726524451,"{""type"":""MultiPoint"",""coordinates"":[]}"
1950,1628.5833333333333,1673,1551.6271448978778,"{""type"":""MultiPoint"",""coordinates"":[]}"
1952,1505.8387096774193,1135,1492.3749973078532,"{""type"":""MultiPoint"",""coordinates"":[]}"
1953,1405.0144927536232,1794,1463.9801642286516,"{""type"":""MultiPoint"",""coordinates"":[]}"
1954,1628.5833333333333,1353,1551.6271448978778,"{""type"":""MultiPoint"",""coordinates"":[]}"
1955,1606.7142857142858,1635,1550.9099038289453,"{""type"":""MultiPoint"",""coordinates"":[]}"
1956,1456.4558823529412,1478,1482.707154066437,"{""type"":""MultiPoint"",""coordinates"":[]}"
1957,1479.3972602739725,1726,1486.608558256799,"{""type"":""MultiPoint"",""coordinates"":[]}"
1958,1425.6363636363637,1124,1464.3837820903102,"{""type"":""MultiPoint"",""coordinates"":[]}"
1959,1505.9333333333334,1286,1491.0159745594449,"{""type"":""MultiPoint"",""coordinates"":[]}"
1960,1505.9333333333334,1710,1491.0159745594449,"{""type"":""MultiPoint"",""coordinates"":[]}"
1961,1628.5833333333333,1431,1551.6271448978778,"{""type"":""MultiPoint"",""coordinates"":[]}"
1962,1456.4558823529412,1405,1482.707154066437,"{""type"":""MultiPoint"",""coordinates"":[]}"
1963,524.25,331,546.7656325700469,"{""type"":""MultiPoint"",""coordinates"":[]}"
1964,1456.4558823529412,1420,1482.707154066437,"{""type"":""MultiPoint"",""coordinates"":[]}"
1965,2342.5,1904,1965.6784676245993,"{""type"":""MultiPoint"",""coordinates"":[]}"
1966,1479.3972602739725,1665,1486.608558256799,"{""type"":""MultiPoint"",""coordinates"":[]}"
1967,1687.344827586207,1720,1615.1425223143983,"{""type"":""MultiPoint"",""coordinates"":[]}"
1968,1362.0,1443,1460.2419960702307,"{""type"":""MultiPoint"",""coordinates"":[]}"
1969,1505.9333333333334,1704,1491.0159745594449,"{""type"":""MultiPoint"",""coordinates"":[]}"
1970,1505.8387096774193,1653,1492.3749973078532,"{""type"":""MultiPoint"",""coordinates"":[]}"
1971,1815.75,1944,1669.4761453471833,"{""type"":""MultiPoint"",""coordinates"":[]}"
1972,1405.0144927536232,1530,1463.9801642286516,"{""type"":""MultiPoint"",""coordinates"":[]}"
1973,1425.6363636363637,1475,1464.3837820903102,"{""type"":""MultiPoint"",""coordinates"":[]}"
1974,1425.6363636363637,1639,1464.3837820903102,"{""type"":""MultiPoint"",""coordinates"":[]}"
1975,1637.076923076923,1971,1569.0145644196452,"{""type"":""MultiPoint"",""coordinates"":[]}"
1976,1505.8387096774193,1332,1492.3749973078532,"{""type"":""MultiPoint"",""coordinates"":[]}"
1977,2433.2,2410,2111.144110432069,"{""type"":""MultiPoint"",""coordinates"":[]}"
1978,1447.1818181818182,1609,1464.6140746984988,"{""type"":""MultiPoint"",""coordinates"":[]}"
1979,1456.4558823529412,1149,1482.707154066437,"{""type"":""MultiPoint"",""coordinates"":[]}"
1980,1628.5833333333333,1614,1551.6271448978778,"{""type"":""MultiPoint"",""coordinates"":[]}"
1981,-201.0,-66,424.1285116815278,"{""type"":""MultiPoint"",""coordinates"":[]}"
1982,1221.7142857142858,1291,1328.005662797542,"{""type"":""MultiPoint"",""coordinates"":[]}"
1983,1479.3972602739725,1491,1486.608558256799,"{""type"":""MultiPoint"",""coordinates"":[]}"
1984,1384.6666666666667,1660,1460.4398294035639,"{""type"":""MultiPoint"",""coordinates"":[]}"
1985,1637.076923076923,1741,1569.0145644196452,"{""type"":""MultiPoint"",""coordinates"":[]}"
1986,1687.344827586207,1445,1615.1425223143983,"{""type"":""MultiPoint"",""coordinates"":[]}"
1987,1505.8387096774193,1375,1492.3749973078532,"{""type"":""MultiPoint"",""coordinates"":[]}"
1988,1362.0,1190,1460.2419960702307,"{""type"":""MultiPoint"",""coordinates"":[]}"
1989,1278.4,1330,1336.9709298348525,"{""type"":""MultiPoint"",""coordinates"":[]}"
1990,1425.6363636363637,1242,1464.3837820903102,"{""type"":""MultiPoint"",""coordinates"":[]}"
1991,1505.9333333333334,1617,1491.0159745594449,"{""type"":""MultiPoint"",""coordinates"":[]}"
1992,1505.8387096774193,1644,1492.3749973078532,"{""type"":""MultiPoint"",""coordinates"":[]}"
1993,1606.7142857142858,1604,1550.9099038289453,"{""type"":""MultiPoint"",""coordinates"":[]}"
1994,1405.0144927536232,1386,1463.9801642286516,"{""type"":""MultiPoint"",""coordinates"":[]}"
1995,1221.7142857142858,1099,1328.005662797542,"{""type"":""MultiPoint"",""coordinates"":[]}"
1996,1628.5833333333333,1600,1551.6271448978778,"{""type"":""MultiPoint"",""coordinates"":[]}"
1997,1456.4558823529412,1499,1482.707154066437,"{""type"":""MultiPoint"",""coordinates"":[]}"
1999,1456.4558823529412,1429,1482.707154066437,"{""type"":""MultiPoint"",""coordinates"":[]}"
